"Card","Set","Card Type","Cost","Rules",,,,,,
"Transmute","Alchemy","Action","$0 1P","Trash a card from your hand.
If it is an...
Action card, gain a Duchy
Treasure card, gain a Transmute
Victory card, gain a Gold",,,,,,
"Vineyard","Alchemy","Victory","$0 1P","Worth 1 Victory for every 3 Action cards in your deck (rounded down).",,,,,,
"Herbalist","Alchemy","Action","$2","+1 Buy
+1 Coin
When you discard this from play, you may put one of your Treasures from play on top of your deck.",,,,,,
"Apothecary","Alchemy","Action","$2 1P","+1 Card
+1 Action

Reveal the top 4 cards of your deck. Put the revealed Coppers and Potions into your hand. Put the other cards back on top of your deck in any order.",,,,,,
"Scrying Pool","Alchemy","Action - Attack","$2 1P","+1 Action
Each player (including you) reveals the top card of his deck and either discards it or puts it back, your choice. Then reveal cards from the top of your deck until revealing one that isn't an Action.
Put all of your revealed cards into your hand.",,,,,,
"University","Alchemy","Action","$2 1P","+2 Actions
You may gain an Action card costing up to 5 Coins.",,,,,,
"Alchemist","Alchemy","Action","$3 1P","+2 Cards
+1 Action
When you discard this from play, you may put this on top of your deck if you have a Potion in play.",,,,,,
"Familiar","Alchemy","Action - Attack","$3 1P","+1 Card
+1 Action
Each other player gains a curse.",,,,,,
"Philosopher's Stone","Alchemy","Treasure","$3 1P","When you play this, count your deck and discard pile.
Worth 1 Coin per 5 cards total between them (rounded down).",,,,,,
"Potion","Alchemy","Treasure","$4","Worth 1 Potion.",,,,,,
"Golem","Alchemy","Action","$4 1P","Reveal cards from your deck until you reveal 2 Action cards other than Golem Cards.
Discard the other cards, then play the Action cards in either order.",,,,,,
"Apprentice","Alchemy","Action","$5","+1 Action
Trash a card from your hand.
+1 Card per Coin it costs.
+2 Cards if it has Potion in its cost.",,,,,,
"Possession","Alchemy","Action","$6 1P","The player to your left takes an extra turn after this one, in which you can see all cards he can and make all decisions for him.
Any cards he would gain on that turn, you gain instead; any cards of his that are trashed are set aside and returned to his discard pile at end of turn.",,,,,,
"Cellar","Base","Action","$2","+1 Action"," Discard any number of cards. +1 Card per card discarded.",,,,,
"Chapel","Base","Action","$2","Trash up to 4 cards from your hand.",,,,,,
"Moat","Base","Action - Reaction","$2","+2 Cards"," When another player plays an Attack card"," you may reveal this from your hand. If you do"," you are unaffected by that Attack.",,,
"Chancellor","Base","Action","$3","+2 Coins"," You may immediately put your deck into your discard pile.",,,,,
"Village","Base","Action","$3","+1 Card"," +2 Actions.",,,,,
"Woodcutter","Base","Action","$3","+1 Buy"," +2 Coins.",,,,,
"Workshop","Base","Action","$3","Gain a card costing up to 4 Coins.",,,,,,
"Bureaucrat","Base","Action - Attack","$4","Gain a silver card"," put it on top of your deck. Each other player reveals a Victory card from his hand and puts it on his deck (or reveals a hand with no Victory cards).",,,,,
"Feast","Base","Action","$4","Trash this card. Gain a card costing up to 5 Coins.",,,,,,
"Gardens","Base","Victory","$4","Variable"," Worth 1 Victory for every 10 cards in your deck (rounded down).",,,,,
"Militia","Base","Action - Attack","$4","+2 Coins"," Each other player discards down to 3 cards in his hand.",,,,,
"Moneylender","Base","Action","$4","Trash a Copper from your hand. If you do"," +3 Coins.",,,,,
"Remodel","Base","Action","$4","Trash a card from your hand. Gain a card costing up to 2 Coins more than the trashed card.",,,,,,
"Smithy","Base","Action","$4","+3 Cards.",,,,,,
"Spy","Base","Action - Attack","$4","+1 Card
+1 Action

Each player (including you) reveals the top card of his deck and either discards it or puts it back, your choice.",,,,,,
"Thief","Base","Action - Attack","$4","Each other player reveals the top 2 cards of his deck. If they revealed any Treasure cards"," they trash one of them that you choose. You may gain any or all of these trashed cards. They discard the other revealed cards.",,,,,
"Throne Room","Base","Action","$4","Choose an Action card in your hand. Play it twice.",,,,,,
"Council Room","Base","Action","$5","+4 Cards"," +1 Buy"," Each other player draws a card.",,,,
"Festival","Base","Action","$5","+2 Actions"," +1 Buy"," +2 Coins.",,,,
"Laboratory","Base","Action","$5","+2 Cards"," +1 Action.",,,,,
"Library","Base","Action","$5","Draw until you have 7 cards in hand. You may set aside any Action cards drawn this way"," as you draw them"," discard the set aside cards after you finish drawing.",,,,
"Market","Base","Action","$5","+1 Card"," +1 Action"," +1 Buy"," +1 Coin.",,,
"Mine","Base","Action","$5","Trash a Treasure card from your hand. Gain a Treasure card costing up to 3 Coins more"," put it into your hand.",,,,,
"Witch","Base","Action - Attack","$5","+2 Cards"," Each other player gains a Curse card.",,,,,
"Adventurer","Base","Action","$6","Reveal cards from your deck until you reveal 2 Treasure cards. Put those Treasure cards into your hand and discard the other revealed cards.",,,,,,
"Bag of Gold","Cornucopia","Action - Prize","$0","+1 Action
Gain a Gold, putting it on top of your deck.
(This is not in the Supply.)",,,,,,
"Diadem","Cornucopia","Treasure - Prize","$0","Worth 2 Coins.
When you play this, +1 Coin per unused Action you have (Action, not Action card).
(This is not in the Supply.)",,,,,,
"Followers","Cornucopia","Action - Attack - Prize","$0","+2 Cards
Gain an Estate. Each other player gains a Curse and discards down to 3 cards in hand.
(This is not in the Supply.)",,,,,,
"Princess","Cornucopia","Action - Prize","$0","+1 Buy

 While this is in play, cards cost 2 Coins less, but not less than 0 Coins.
(This is not in the Supply.)",,,,,,
"Trusty Steed","Cornucopia","Action - Prize","$0","Choose two: +2 Cards; +2 Actions; +2 Coins; gain 4 Silvers and put your deck into your discard pile.
(The choices must be different)

(This is not in the Supply.)",,,,,,
"Hamlet","Cornucopia","Action","$2","+1 Card
+1 Action

You may discard a card; If you do, +1 Action.
You may discard a card; If you do, +1 Buy.",,,,,,
"Fortune Teller","Cornucopia","Action - Attack","$3","+2 Coins
Each other player reveals cards from the top of his deck until he reveals a Victory or Curse card. He puts it on top and discards the other revealed cards.",,,,,,
"Menagerie","Cornucopia","Action","$3","+1 Action
Reveal your hand.
If there are no duplicate cards in it, +3 Cards.
Otherwise, +1 Card.",,,,,,
"Farming Village","Cornucopia","Action","$4","+2 Actions
Reveal cards from the top of your deck until you reveal an Action or Treasure card. Put that card into your hand and discard the other cards.",,,,,,
"Horse Traders","Cornucopia","Action - Reaction","$4","+1 Buy
+3 Coins
Discard 2 Cards

 When another player plays an Attack card, you may set this aside from your hand. If you do, then at the start of your next turn, +1 Card and return this to your hand.",,,,,,
"Remake","Cornucopia","Action","$4","Do this twice: Trash a card from your hand"," then gain a card costing exactly 1 Coin more than the trashed card.",,,,,
"Tournament","Cornucopia","Action","$4","+1 Action
Each player may reveal a Province from his hand. If you do, discard it and gain a Prize (from the Prize pile) or a Duchy, putting it on top of your deck. If no-one else does, +1 Card +1 Coin.",,,,,,
"Young Witch","Cornucopia","Action - Attack","$4","+2 Cards

Discard 2 cards. Each other player may reveal a Bane card from his hand.
If he doesn’t, he gains a Curse.

 Setup: Add an extra Kingdom card pile costing 2 Coins or 3 Coins to the Supply. Cards from that pile are Bane cards.",,,,,,
"Harvest","Cornucopia","Action","$5","Reveal the top 4 cards of your deck"," then discard them. +1 Coin per differently named card revealed.",,,,,
"Horn of Plenty","Cornucopia","Treasure","$5","0 Coins
When you play this, gain a card costing up to 1 Coin per differently named card you have in play, counting this. If it’s a Victory card, trash this.",,,,,,
"Hunting Party","Cornucopia","Action","$5","+1 Card
+1 Action
Reveal your hand. Reveal cards from your deck until you reveal a card that isn’t a duplicate of one in your hand. Put it into your hand and discard the rest.",,,,,,
"Jester","Cornucopia","Action - Attack","$5","+2 Coins
Each other player discards the top card of his deck. If it’s a Victory card he gains a Curse. Otherwise he gains a copy of the discarded card or you do, your choice.",,,,,,
"Fairgrounds","Cornucopia","Victory","$6","Worth 2 VP for every 5 differently named cards in your deck (rounded down)",,,,,,
"Abandoned Mine","Dark Ages","Action - Ruins","$0","+1 Coin",,,,,,
"Madman","Dark Ages","Action","$0","+2 Actions
Return this to the Madman pile. If you do, +1 Card per card in your hand.
(This card is not in the supply.)",,,,,,
"Mercenary","Dark Ages","Action - Attack","$0","You may trash 2 cards from your hand. If you do"," +2 Cards"," +2 Coins"," and each other player discards down to 3 cards in hand. (This is not in the Supply.)",,,
"Ruined Library","Dark Ages","Action - Ruins","$0","+1 Card",,,,,,
"Ruined Market","Dark Ages","Action - Ruins","$0","+1 Buy",,,,,,
"Ruined Village","Dark Ages","Action - Ruins","$0","+1 Action",,,,,,
"Spoils","Dark Ages","Treasure","$0","3 Coins
When you play this, return it to the Spoils pile.
(This is not in the Supply.)",,,,,,
"Survivors","Dark Ages","Action - Ruins","$0","Look at the top 2 cards of your deck. Discard them or put them back in any order.",,,,,,
"Hovel","Dark Ages","Reaction - Shelter","$1","When you buy a Victory card"," you may trash this from your hand.",,,,,
"Necropolis","Dark Ages","Action - Shelter","$1","+2 Actions",,,,,,
"Overgrown Estate","Dark Ages","Victory - Shelter","$1","0 Victory

 When you trash this, +1 Card.",,,,,,
"Poor House","Dark Ages","Action","$1","+4 Coins
Reveal your hand. -1 Coin per Treasure card in your hand, to a minimum of 0 Coins.",,,,,,
"Beggar","Dark Ages","Action - Reaction","$2","Gain 3 Coppers, putting them into your hand.

 When another player plays an Attack card, you may discard this. If you do, gain two Silvers, putting one on top of your deck.",,,,,,
"Squire","Dark Ages","Action","$2","+1 Coin
Choose one: +2 Actions; or +2 Buys; or gain a Silver.

 When you trash this, gain an Attack card.",,,,,,
"Vagrant","Dark Ages","Action","$2","+1 Card, +1 Action
Reveal the top card of your deck. If it's a Curse, Ruins, Shelter, or Victory card, put it into your hand.",,,,,,
"Forager","Dark Ages","Action","$3","+1 Action, +1 Buy
Trash a card from your hand. +1 Coin per differently named Treasure in the trash.",,,,,,
"Hermit","Dark Ages","Action","$3","Look through your discard pile. You may trash a card from your discard pile or hand that is not a Treasure. Gain a card costing up to 3 Coins.

 When you discard this from play, if you did not buy any cards this turn, trash this and gain a Madman from the Madman pile.",,,,,,
"Market Square","Dark Ages","Action - Reaction","$3","+1 Card, +1 Action, +1 Buy

 When one of your cards is trashed, you may discard this from your hand. If you do, gain a Gold.",,,,,,
"Sage","Dark Ages","Action","$3","+1 Action
Reveal cards from the top of your deck until you reveal one costing 3 Coins or more. Put that card into your hand and discard the rest.",,,,,,
"Storeroom","Dark Ages","Action","$3","+1 Buy
Discard any number of cards. +1 Card per card discarded. Discard any number of cards. +1 Coin per card discarded the second time.",,,,,,
"Urchin","Dark Ages","Action - Attack","$3","+1 Card, +1 Action
Each other player discards down to 4 cards in hand.

 When you play another Attack card with this in play, you may trash this. If you do, gain a mercenary from the Mercenary pile.",,,,,,
"Armory","Dark Ages","Action","$4","Gain a card costing up to 4 Coins"," putting it on top of your deck.",,,,,
"Death Cart","Dark Ages","Action - Looter","$4","+5 Coins
You may trash an Action card from your hand. If you don't, trash this.

 When you gain this, gain 2 Ruins.",,,,,,
"Feodum","Dark Ages","Victory","$4","Worth 1 Victory for every 3 Silvers in your deck (round down).

 When you trash this, gain 3 Silvers.",,,,,,
"Fortress","Dark Ages","Action","$4","+1 Card, +2 Actions

 When you trash this, put it into your hand.",,,,,,
"Ironmonger","Dark Ages","Action","$4","+1 Card, +1 Action
Reveal the top card of your deck; you may discard it. Either way, if it is an…
Action card, +1 Action
Treasure card, +1 Coin
Victory card, +1 Card",,,,,,
"Marauder","Dark Ages","Action - Attack - Looter","$4","Gain a Spoils from the Spoils pile. Each other player gains a Ruins.",,,,,,
"Procession","Dark Ages","Action","$4","You may play an Action card from your hand twice. Trash it. Gain an Action card costing exactly 1 Coin more than it.",,,,,,
"Rats","Dark Ages","Action","$4","+1 Card, +1 Action
Gain a Rats. Trash a card from your hand other than a Rats (or reveal a hand of all Rats).

 When you tash this, +1 Card.",,,,,,
"Scavenger","Dark Ages","Action","$4","+1 Coins
You may put your deck into your discard pile. Look through your discard pile and put one card from it on top of your deck.",,,,,,
"Sir Martin","Dark Ages","Action - Attack - Knight","$4","+2 Buys
Each other player reveals the top 2 cards of his deck, trashes one of them costing from 3 Coins to 6 Coins, and discards the rest. If a Knight is trashed by this, trash this card.",,,,,,
"Wandering Minstrel","Dark Ages","Action","$4","+1 Card, +2 Actions
Reveal the top 3 cards of your deck. Put the Actions back on top in any order and discard the rest.",,,,,,
"Band of Misfits","Dark Ages","Action","$5","Play this as if it were an Action card in the Supply costing less than it that you choose.
This is that card until it leaves play.",,,,,,
"Bandit Camp","Dark Ages","Action","$5","+1 Card, +2 Actions
Gain a Spoils from the Spoils pile.",,,,,,
"Catacombs","Dark Ages","Action","$5","Look at the top 3 cards of your deck. Choose one: Put them into your hand; or discard them and +3 Cards.

 When you trash this, gain a cheaper card.",,,,,,
"Count","Dark Ages","Action","$5","Choose one: Discard 2 cards; or put a card from your hand on top of your deck; or gain a Copper.
Choose one: +3 Coins; or trash your hand; or gain a Duchy.",,,,,,
"Counterfeit","Dark Ages","Treasure","$5","1 Coin
+1 Buy
When you play this, you may play a Treasure from your hand twice. If you do, trash that Treasure.",,,,,,
"Cultist","Dark Ages","Action - Attack - Looter","$5","+2 Cards
Each other player gains a Ruins. You may play a Cultist from your hand.

 When you trash this, +3 Cards.",,,,,,
"Dame Anna","Dark Ages","Action - Attack - Knight","$5","You may trash up to 2 cards from your hand.
Each other player reveals the top 2 cards of his deck, trashes one of them costing from 3 Coins to 6 Coins, and discards the rest. If a Knight is trashed by this, trash this card.",,,,,,
"Dame Josephine","Dark Ages","Action - Attack - Knight - Victory","$5","2 Victory
Each other player reveals the top 2 cards of his deck, trashes one of them costing from 3 Coins to 6 Coins, and discards the rest. If a Knight is trashed by this, trash this card.",,,,,,
"Dame Molly","Dark Ages","Action - Attack - Knight","$5","+2 Actions
Each other player reveals the top 2 cards of his deck, trashes one of them costing from 3 Coins to 6 Coins, and discards the rest. If a Knight is trashed by this, trash this card.",,,,,,
"Dame Natalie","Dark Ages","Action - Attack - Knight","$5","You may gain a card costing up to 3 Coins.
Each other player reveals the top 2 cards of his deck, trashes one of them costing from 3 Coins to 6 Coins, and discards the rest. If a Knight is trashed by this, trash this card.",,,,,,
"Dame Sylvia","Dark Ages","Action - Attack - Knight","$5","+2 Coins
Each other player reveals the top 2 cards of his deck, trashes one of them costing from 3 Coins to 6 Coins, and discards the rest. If a Knight is trashed by this, trash this card.",,,,,,
"Graverobber","Dark Ages","Action","$5","Choose one: Gain a card from the trash costing from 3 Coins to 6 Coins"," putting it on top of your deck"," or trash an Action card from your hand and gain a card costing up to 3 Coins more than it.",,,,
"Junk Dealer","Dark Ages","Action","$5","+1 Card, +1 Action, +1 Coin
Trash a card from your hand.",,,,,,
"Mystic","Dark Ages","Action","$5","+1 Action, +2 Coins
Name a card. Reveal the top card of your deck. If it's the named card, put it into your hand.",,,,,,
"Pillage","Dark Ages","Action - Attack","$5","Trash this. Each other player with 5 or more cards in hand reveals his hand and discards a card that you choose.
Gain 2 Spoils from the Spoils pile.",,,,,,
"Rebuild","Dark Ages","Action","$5","+1 Action

Name a card. Reveal cards from the top of your deck until you reveal a Victory card that is not the named card. Discard the other cards. Trash the Victory card and gain a Victory card costing up to 3 Coins more than it.",,,,,,
"Rogue","Dark Ages","Action - Attack","$5","+2 Coins
If there are any cards in the trash costing from 3 Coins to 6 Coins, gain one of them. Otherwise, each other player reveals the top 2 cards of his deck, trashes one of them costing from 3 Coins to 6 Coins, and discards the rest.",,,,,,
"Sir Bailey","Dark Ages","Action - Attack - Knight","$5","+1 Card, +1 Action
Each other player reveals the top 2 cards of his deck, trashes one of them costing from 3 Coins to 6 Coins, and discards the rest. If a Knight is trashed by this, trash this card.",,,,,,
"Sir Destry","Dark Ages","Action - Attack - Knight","$5","+2 Cards
Each other player reveals the top 2 cards of his deck, trashes one of them costing from 3 Coins to 6 Coins, and discards the rest. If a Knight is trashed by this, trash this card.",,,,,,
"Sir Michael","Dark Ages","Action - Attack - Knight","$5","Each other player discards down to 3 cards in hand.
Each other player reveals the top 2 cards of his deck, trashes one of them costing from 3 Coins to 6 Coins, and discards the rest. If a Knight is trashed by this, trash this card.",,,,,,
"Sir Vander","Dark Ages","Action - Attack - Knight","$5","Each other player reveals the top 2 cards of his deck, trashes one of them costing from 3 Coins to 6 Coins, and discards the rest. If a Knight is trashed by this, trash this card.

 When you trash this, gain a Gold.",,,,,,
"Altar","Dark Ages","Action","$6","Trash a card from your hand. Gain a card costing up to 5 Coins.",,,,,,
"Hunting Grounds","Dark Ages","Action","$6","+4 Cards

 When you trash this, gain a Duchy or 3 Estates.",,,,,,
"Candlestick Maker","Guilds","Action","$2","+1 Action. +1 Buy. Take a Coin token.",,,,,,
"Stonemason","Guilds","Action","$2+","Trash a card from your hand. Gain 2 cards each costing less than it.
—
When you buy this, you may overpay for it. If you do, gain 2 Action cards each costing the amount you overpaid.",,,,,,
"Doctor","Guilds","Action","$3+","Name a card. Reveal the top 3 cards of your deck. Trash the matches. Put the rest back on top in any order.
—
When you buy this, you may overpay for it. For each $1 you overpaid, look at the top card of your deck; trash it, discard it, or put it back.",,,,,,
"Masterpiece","Guilds","Treasure","$3+","Worth $1
—
When you buy this, you may overpay for it. If you do, gain a Silver per $1 you overpaid.",,,,,,
"Advisor","Guilds","Action","$4","+1 Action. Reveal the top 3 cards of your deck. The player to your left chooses one of them. Discard that card. Put the other cards into your hand.",,,,,,
"Plaza","Guilds","Action","$4","+1 Card. +2 Actions. You may discard a Treasure card. If you do"," take a Coin token.",,,,,
"Taxman","Guilds","Action – Attack","$4","You may trash a Treasure from your hand. Each other player with 5 or more cards in hand discards a copy of it (or reveals a hand without it). Gain a Treasure card costing up to $3 more than the trashed card"," putting it on top of your deck.",,,,,
"Herald","Guilds","Action","$4+","+1 Card. +1 Action. Reveal the top card of your deck. If it is an Action, play it.
—
When you buy this, you may overpay for it. For each $1 you overpaid, look through your discard pile and put a card from it on top of your deck.",,,,,,
"Baker","Guilds","Action","$5","+1 Card. +1 Action. Take a Coin token.
—
Setup: Each player takes a Coin token.",,,,,,
"Butcher","Guilds","Action","$5","Take 2 Coin tokens. You may trash a card from your hand and then pay any number of Coin tokens. If you did trash a card"," gain a card with a cost of up to the cost of the trashed card plus the number of Coin tokens you paid.",,,,,
"Journeyman","Guilds","Action","$5","Name a card. Reveal cards from the top of your deck until you reveal 3 cards that are not the named card. Put those cards into your hand and discard the rest.",,,,,,
"Merchant Guild","Guilds","Action","$5","+1 Buy. +$1.
—
While this is in play, when you buy a card, take a Coin token.",,,,,,
"Soothsayer","Guilds","Action – Attack","$5","Gain a Gold. Each other player gains a Curse. Each player who did draws a card.",,,,,,
"Crossroads","Hinterlands","Action","$2","Reveal your hand.
+1 Card per Victory card revealed. If this is the first time you played a Crossroads this turn, +3 Actions.",,,,,,
"Duchess","Hinterlands","Action","$2","+2 Coins
Each player (including you) looks at the top card of his deck, and discards it or puts it back.

 In games using this, when you gain a Duchy, you may gain a Duchess.",,,,,,
"Fool's Gold","Hinterlands","Treasure - Reaction","$2","If this is the first time you played a Fool's Gold this turn, this is worth 1 Coin, otherwise it's worth 4 Coins.

 When another player gains a Province, you may trash this from your hand. If you do, gain a Gold, putting it on your deck.",,,,,,
"Develop","Hinterlands","Action","$3","Trash a card from your hand. Gain a card costing exactly 1 Coin more than it and a card costing exactly 1 less than it"," in either order"," putting them on top of your deck.",,,,
"Oasis","Hinterlands","Action","$3","+1 Card
+1 Action
+1 Coin
Discard a card.",,,,,,
"Oracle","Hinterlands","Action - Attack","$3","Each player (including you) reveals the top 2 cards of his deck, and you choose one: either he discards them, or he puts them back on top in an order he chooses.
+2 Cards",,,,,,
"Scheme","Hinterlands","Action","$3","+1 Card
+1 Action
At the start of Clean-up this turn, you may choose an Action card you have in play. If you discard it from play this turn, put it on your deck.",,,,,,
"Tunnel","Hinterlands","Victory - Reaction","$3","2 VP [large shield]

 When you discard this other than during a Clean-up phase, you may reveal it. If you do, gain a Gold.",,,,,,
"Jack of all Trades","Hinterlands","Action","$4","Gain a Silver.
Look at the top card of your deck; discard it or put it back.
Draw until you have 5 cards in hand.
You may trash a card from your hand that is not a Treasure.",,,,,,
"Noble Brigand","Hinterlands","Action - Attack","$4","+1 Coin
When you buy this or play it, each other player reveals the top 2 cards of his deck, trashes a revealed Silver or Gold you choose, and discards the rest. If he didn't reveal a Treasure, he gains a Copper. You gain the trashed cards.",,,,,,
"Nomad Camp","Hinterlands","Action","$4","+1 Buy
+2 Coins

 When you gain this, put it on top of your deck.",,,,,,
"Silk Road","Hinterlands","Victory","$4","Worth 1 VP for every 4 Victory cards in your deck (round down).",,,,,,
"Spice Merchant","Hinterlands","Action","$4","You may trash a Treasure from your hand. If you do, choose one:
+2 Cards and +1 Action;
or +2 Coins and +1 Buy.",,,,,,
"Trader","Hinterlands","Action - Reaction","$4","Trash a card from your hand. Gain a number of Silvers equal to its cost in Coins.

 When you would gain a card, you may reveal this from your hand. If you do, instead, gain a silver.",,,,,,
"Cache","Hinterlands","Treasure","$5","Worth 3 Coins

 When you gain this, gain two Coppers.",,,,,,
"Cartographer","Hinterlands","Action","$5","+1 Card
+1 Action
Look at the top 4 cards of your deck. Discard any number of them. Put the rest back on top in any order.",,,,,,
"Embassy","Hinterlands","Action","$5","+5 Cards
Discard 3 cards.

 When you gain this, each other player gains a Silver.",,,,,,
"Haggler","Hinterlands","Action","$5","+2 Coins

 While this is in play, when you buy a card, gain a card costing less than it that is not a Victory card.",,,,,,
"Highway","Hinterlands","Action","$5","+1 Card
+1 Action

 While this is in play, cards cost 1 Coin less, but not less than 0 Coins.",,,,,,
"Ill-Gotten Gains","Hinterlands","Treasure","$5","Worth 1 Coin
When you play this, you may gain a Copper, putting it into your hand.

 When you gain this, each other player gains a Curse.",,,,,,
"Inn","Hinterlands","Action","$5","+2 Cards
+2 Actions
Discard 2 cards.

 When you gain this, look through your discard pile (including this), reveal any number of Action cards from it, and shuffle them into your deck.",,,,,,
"Mandarin","Hinterlands","Action","$5","+3 Coins
Put a card from your hand on top of your deck.

 When you gain this, put all Treasures you have in play on top of your deck in any order.",,,,,,
"Margrave","Hinterlands","Action - Attack","$5","+3 Cards
+1 Buy
Each other player draws a card, then discards down to 3 cards in hand.",,,,,,
"Stables","Hinterlands","Action","$5","You may discard a Treasure. If you do"," +3 Cards and +1 Action.",,,,,
"Border Village","Hinterlands","Action","$6","+1 Card
+2 Actions

 When you gain this, gain a card costing less than this.",,,,,,
"Farmland","Hinterlands","Victory","$6","2 VP

 When you buy this, trash a card from your hand. Gain a card costing exactly 2 Coins more than the trashed card.",,,,,,
"Courtyard","Intrigue","Action","$2","+3 Card"," Put a card from your hand on top of your deck.",,,,,
"Pawn","Intrigue","Action","$2","Choose two: +1 Card"," +1 Action"," +1 Buy"," +1 Coin. (The choices must be different.).",,,
"Secret Chamber","Intrigue","Action - Reaction","$2","Discard any number of cards. +1 Coin per card discarded. - When another player plays an Attack card"," you may reveal this from your hand. If you do"," +2 cards"," then put 2 cards from your hand on top of your deck.",,,
"Great Hall","Intrigue","Action - Victory","$3","1 Victory"," +1 Card"," +1 Action.",,,,
"Masquerade","Intrigue","Action","$3","+2 Cards

Each player passes a card from his hand to the left at once. Then you may trash a card from your hand.",,,,,,
"Shanty Town","Intrigue","Action","$3","+2 Actions"," Reveal your hand. If you have no Action cards in hand"," +2 Cards.",,,,
"Steward","Intrigue","Action","$3","Choose one: +2 Cards"," or +2 Coins"," or trash 2 cards from your hand.",,,,
"Swindler","Intrigue","Action - Attack","$3","+2 Coins"," Each other player trashes the top card of his deck and gains a card with the same cost that you choose.",,,,,
"Wishing Well","Intrigue","Action","$3","+1 Card"," +1 Action"," Name a card"," then reveal the top card of your deck. If it is the named card"," put it in your hand.",,
"Baron","Intrigue","Action","$4","+1 Buy"," You may discard an Estate card. If you do"," +4 Coins. Otherwise"," gain an Estate card.",,,
"Bridge","Intrigue","Action","$4","+1 Buy"," +1 Coin. All cards (including cards in players' hands) cost 1 Coin less this turn"," but not less than 0 Coins.",,,,
"Conspirator","Intrigue","Action","$4","+2 Coins. If you've played 3 or more Actions this turn (counting this): +1 Card"," +1 Action.",,,,,
"Coppersmith","Intrigue","Action","$4","Copper produces an extra 1 Coin this turn.",,,,,,
"Ironworks","Intrigue","Action","$4","Gain a card costing up to 4 Coins. If it is an... Action card"," +1 Action. Treasure card"," +1 Coin. Victory card"," +1 Card.",,,
"Mining Village","Intrigue","Action","$4","+1 Card"," +2 Actions. You may trash this card immediately. If you do"," +2 Coins.",,,,
"Scout","Intrigue","Action","$4","+1 Action. Reveal the top 4 cards of your deck. Put the revealed Victory cards into your hand. Put the other cards on top of your deck in any order.",,,,,,
"Duke","Intrigue","Victory","$5","Worth 1 Victory per Duchy you have.",,,,,,
"Minion","Intrigue","Action - Attack","$5","+1 Action"," Choose one: +2 Coins"," or discard your hand"," +4 Cards"," and each other player with at least 5 cards in hand discards his hand and draws 4 cards.",,
"Saboteur","Intrigue","Action - Attack","$5","Each other player reveals cards from the top of his deck until revealing one costing 3 Coins or more. He trashes that card and may gain a card costing at most 2 Coins less than it. He discards the other revealed cards.",,,,,,
"Torturer","Intrigue","Action - Attack","$5","+3 Card"," Each other player chooses one: he discards 2 cards"," or he gains a Curse card"," putting it in his hand.",,,
"Trading Post","Intrigue","Action","$5","Trash 2 cards from your hand. If you do"," gain a silver card"," put it into your hand.",,,,
"Tribute","Intrigue","Action","$5","The player to your left reveals then discards the top 2 cards of his deck. For each differently named card revealed"," if it is an... Action Card"," +2 Actions"," Treasure Card"," +2 Coins"," Victory Card"," +2 Cards."
"Upgrade","Intrigue","Action","$5","+1 Card"," +1 Action"," Trash a card from your hand. Gain a card costing exactly 1 Coin more than it.",,,,
"Harem","Intrigue","Treasure - Victory","$6","2 Coins"," 2 Victory.",,,,,
"Nobles","Intrigue","Action - Victory","$6","2 Victory"," Choose one: +3 Cards"," or +2 Actions.",,,,
"Black Market","Promo","Action","$3","+2 Coins, Reveal the top 3 cards of the Black Market deck. You may buy one of them immediately. Put the unbought cards on the bottom of the Black Market deck in any order. 
(Before the game, make a Black Market deck out of one copy of each Kingdom card not in the supply.).",,,,,,
"Envoy","Promo","Action","$4","Reveal the top 5 cards of your deck. The player to your left chooses one for you to discard. Draw the rest.",,,,,,
"Walled Village","Promo","Action","$4","+1 Card
+2 Actions

 At the start of Clean-up, if you have this and no more than one other Action card in play, you may put this on top of your deck.",,,,,,
"Governor","Promo","Action","$5","+1 Action

Choose one; you get the version in parentheses: Each player gets +1 (+3) Cards; or each player gains a Silver (Gold); or each player may trash a card from his hand and gain a card costing exactly 1 Coin (2 Coins) more.",,,,,,
"Stash","Promo","Treasure","$5","Worth 2 Coins. When you shuffle"," you may put this anywhere in your deck.",,,,,
"Colony","Prosperity","Victory","$11","10 <VP>.",,,,,,
"Loan","Prosperity","Treasure","$3","Worth 1 Coin.
When you play this, reveal cards from your deck until you reveal a Treasure. Discard it or trash it. Discard the other cards.",,,,,,
"Trade Route","Prosperity","Action","$3","+1 Buy
+1 Coin per token on the Trade Route mat.
Trash a card from your hand.

 Setup: Put a token on each Victory card Supply pile. When a card is gained from that pile, move the token to the Trade Route mat.",,,,,,
"Watchtower","Prosperity","Reaction","$3","Draw until you have 6 cards in hand.

 When you gain a card, you may reveal this from your hand. If you do, either trash that card, or put it on top of your deck.",,,,,,
"Bishop","Prosperity","Action","$4","+1 Coin
+1 <VP>
Trash a card from your hand. +<VP> equal to half its cost in Coins, rounded down.
Each other player may trash a card from his hand.",,,,,,
"Monument","Prosperity","Action","$4","+2 Coins"," +1 <VP>",,,,,
"Quarry","Prosperity","Treasure","$4","Worth 1 Coin.

 While this is in play, Action cards cost 2 Coins less, but not less than 0 Coins.",,,,,,
"Talisman","Prosperity","Treasure","$4","Worth 1 Coin.

 While this is in play, when you buy a card costing 4 Coins or less that is not a Victory card, gain a copy of it.",,,,,,
"Worker's Village","Prosperity","Action","$4","+1 Card
+2 Actions
+1 Buy",,,,,,
"City","Prosperity","Action","$5","+1 Card
+2 Actions
If there are one or more empty Supply piles, +1 Card. If there are two or more, +1 Coin and +1 Buy.",,,,,,
"Contraband","Prosperity","Treasure","$5","Worth 3 Coins.
+1 Buy
When you play this, the player to your left names a card. You can't buy that card this turn.",,,,,,
"Counting House","Prosperity","Action","$5","Look through your discard pile"," reveal any number of Copper cards from it"," and put them into your hand.",,,,
"Mint","Prosperity","Action","$5","You may reveal a Treasure card from your hand. Gain a copy of it.

 When you buy this, trash all Treasures you have in play.",,,,,,
"Mountebank","Prosperity","Action - Attack","$5","+2 Coins
Each other player may discard a Curse. If he doesn't, he gains a Curse and a Copper.",,,,,,
"Rabble","Prosperity","Action - Attack","$5","+3 Cards
Each other player reveals the top 3 cards of his deck, discards the revealed Actions and Treasures, and puts the rest back on top in any order he chooses.",,,,,,
"Royal Seal","Prosperity","Treasure","$5","Worth 2 Coins.

 While this is in play, when you gain a card, you may put that card on top of your deck.",,,,,,
"Vault","Prosperity","Action","$5","+2 Cards
Discard any number of cards. +1 Coin per card discarded.
Each other player may discard 2 cards. If he does, he draws a card.",,,,,,
"Venture","Prosperity","Treasure","$5","Worth 1 Coin.
When you play this, reveal cards from your deck until you reveal a Treasure. Discard the other cards. Play that Treasure.",,,,,,
"Goons","Prosperity","Action - Attack","$6","+1 Buy
+2 Coins
Each other player discards down to 3 cards in hand.

 While this is in play, when you buy a card, +1 <VP>.",,,,,,
"Grand Market","Prosperity","Action","$6","+1 Card
+1 Action
+1 Buy
+2 Coins

 You can't buy this if you have any Copper in play.",,,,,,
"Hoard","Prosperity","Treasure","$6","Worth 2 Coins.

 While this is in play, when you buy a Victory card, gain a Gold.",,,,,,
"Bank","Prosperity","Treasure","$7","Worth ? Coins.
When you play this, it`s worth 1 Coin per Treasure card you have in play (counting this).",,,,,,
"Expand","Prosperity","Action","$7","Trash a card from your hand. Gain a card costing up to 3 Coins more than the trashed card.",,,,,,
"Forge","Prosperity","Action","$7","Trash any number of cards from your hand. Gain a card with cost exactly equal to the total cost in Coins of the trashed cards.",,,,,,
"King's Court","Prosperity","Action","$7","You may choose an Action card in your hand. Play it three times.",,,,,,
"Peddler","Prosperity","Action","$8","+1 Card; +1 Action; +1 Coin

 During your Buy phase, this costs 2 Coins less per Action card you have in play, but not less than 0 Coins.",,,,,,
"Platinum","Prosperity","Treasure","$9","5 Coins.",,,,,,
"Embargo","Seaside","Action","$2","+2 Coins"," Trash this card. Put an Embargo token on top of a Supply pile. - When a player buys a card"," he gains a Curse card per Embargo token on that pile.",,,,
"Haven","Seaside","Action - Duration","$2","+1 Card"," +1 Action"," Set aside a card from your hand face down. At the start of your next turn"," put it into your hand.",,,
"Lighthouse","Seaside","Action - Duration","$2","+1 Action"," Now and at the start of your next turn: +1 Coin. - While this is in play"," when another player plays an Attack card"," it doesn't affect you.",,,
"Native Village","Seaside","Action","$2","+2 Actions, Choose one: Set aside the top card of your deck face down on your Native Village mat; or put all the cards from your mat into your hand. 

You may look at the cards on your mat at any time; return them to your deck at the end of the game.",,,,,,
"Pearl Diver","Seaside","Action","$2","+1 Card"," +1 Action"," Look at the bottom card of your deck. You may put it on top.",,,,
"Ambassador","Seaside","Action - Attack","$3","Reveal a card from your hand. Return up to 2 copies of it from your hand to the Supply. Then each other player gains a copy of it.",,,,,,
"Fishing Village","Seaside","Action - Duration","$3","+2 Actions"," +1 Coin"," At the start of your next turn: +1 Action"," +1 Coin.",,,
"Lookout","Seaside","Action","$3","+1 Action"," Look at the top 3 cards of your deck. Trash one of them. Discard one of them. Put the other one on top of your deck.",,,,,
"Smugglers","Seaside","Action","$3","Gain a copy of a card costing up to 6 Coins that the player to your right gained on his last turn.",,,,,,
"Warehouse","Seaside","Action","$3","+3 Card"," +1 Action"," Discard 3 cards.",,,,
"Caravan","Seaside","Action - Duration","$4","+1 Card, +1 Action
At the start of your next turn, +1 Card.",,,,,,
"Cutpurse","Seaside","Action - Attack","$4","+2 Coins"," Each other player discards a Copper card (or reveals a hand with no Copper).",,,,,
"Island","Seaside","Action - Victory","$4","Set aside this and another card from your hand. Return them to your deck at the end of the game.

 2 VP",,,,,,
"Navigator","Seaside","Action","$4","+2 Coins"," Look at the top 5 cards of your deck. Either discard all of them"," or put them back on top of your deck in any order.",,,,
"Pirate Ship","Seaside","Action - Attack","$4","Choose one: Each other player reveals the top 2 cards of his deck"," trashes a revealed Treasure that you choose"," discards the rest"," and if anyone trashed a Treasure you take a Coin token"," or"," +1 Coin per Coin token you've taken with Pirate Ships this game.",
"Salvager","Seaside","Action","$4","+1 Buy"," Trash a card from your hand. +Coins equal to its cost.",,,,,
"Sea Hag","Seaside","Action - Attack","$4","Each other player discards the top card of his deck"," then gains a Curse card"," putting it on top of his deck.",,,,
"Treasure Map","Seaside","Action","$4","Trash this and another copy of Treasure Map from your hand. If you do trash two Treasure Maps"," gain 4 Gold cards"," putting them on top of your deck.",,,,
"Bazaar","Seaside","Action","$5","+1 Card"," +2 Actions"," +1 Coin.",,,,
"Explorer","Seaside","Action","$5","You may reveal a Province card from your hand. If you do"," gain a Gold card"," putting it into your hand. Otherwise"," gain a Silver card"," putting it into your hand.",,
"Ghost Ship","Seaside","Action - Attack","$5","+2 Card"," Each other player with 4 or more cards in hand puts cards from his hand on top of his deck until he has 3 cards in his hand.",,,,,
"Merchant Ship","Seaside","Action - Duration","$5","Now and at the start of your next turn: +2 Coins.",,,,,,
"Outpost","Seaside","Action - Duration","$5","You only draw 3 cards (instead of 5) in this turn's Clean-up phase. Take an extra turn after this one. This can't cause you to take more than two consecutive turns.",,,,,,
"Tactician","Seaside","Action - Duration","$5","Discard your hand. If you discarded any cards this way"," then at the start of your next turn"," +5 Cards"," +1 Buy"," and +1 Action.",,
"Treasury","Seaside","Action","$5","+1 Card"," +1 Action"," +1 Coin"," When you discard this from play"," if you didn't buy a Victory card this turn"," you may put this on top of your deck.",
"Wharf","Seaside","Action - Duration","$5","Now and at the start of your next turn: +2 Cards"," +1 Buy.",,,,,
